series_id,surface
0,tiled
1,carpet
2,tiled
3,wood
4,soft_pvc
5,concrete
6,soft_pvc
7,concrete
8,wood
9,wood
10,wood
11,concrete
12,wood
13,soft_tiles
14,tiled
15,wood
16,concrete
17,soft_tiles
18,fine_concrete
19,fine_concrete
20,soft_pvc
21,soft_pvc
22,soft_pvc
23,hard_tiles_large_space
24,concrete
25,wood
26,concrete
27,tiled
28,fine_concrete
29,concrete
30,fine_concrete
31,soft_tiles
32,concrete
33,soft_pvc
34,soft_pvc
35,soft_pvc
36,carpet
37,soft_tiles
38,wood
39,soft_pvc
40,carpet
41,wood
42,soft_pvc
43,carpet
44,soft_pvc
45,wood
46,concrete
47,hard_tiles_large_space
48,wood
49,wood
50,wood
51,soft_tiles
52,fine_concrete
53,hard_tiles
54,carpet
55,tiled
56,tiled
57,concrete
58,soft_tiles
59,concrete
60,fine_concrete
61,concrete
62,tiled
63,concrete
64,concrete
65,fine_concrete
66,tiled
67,soft_tiles
68,soft_pvc
69,hard_tiles_large_space
70,concrete
71,soft_pvc
72,concrete
73,hard_tiles_large_space
74,fine_concrete
75,wood
76,tiled
77,soft_pvc
78,concrete
79,soft_pvc
80,soft_tiles
81,tiled
82,wood
83,tiled
84,concrete
85,soft_tiles
86,tiled
87,tiled
88,soft_pvc
89,concrete
90,wood
91,concrete
92,soft_tiles
93,concrete
94,tiled
95,concrete
96,soft_pvc
97,tiled
98,tiled
99,wood
100,tiled
101,tiled
102,concrete
103,wood
104,fine_concrete
105,concrete
106,hard_tiles_large_space
107,concrete
108,wood
109,tiled
110,soft_pvc
111,concrete
112,soft_pvc
113,fine_concrete
114,concrete
115,soft_tiles
116,wood
117,concrete
118,fine_concrete
119,soft_pvc
120,soft_tiles
121,wood
122,fine_concrete
123,concrete
124,wood
125,tiled
126,fine_concrete
127,wood
128,fine_concrete
129,concrete
130,soft_tiles
131,wood
132,soft_pvc
133,wood
134,fine_concrete
135,fine_concrete
136,soft_pvc
137,wood
138,soft_tiles
139,soft_pvc
140,soft_tiles
141,concrete
142,soft_pvc
143,soft_tiles
144,concrete
145,carpet
146,concrete
147,concrete
148,concrete
149,concrete
150,soft_tiles
151,soft_pvc
152,carpet
153,soft_tiles
154,concrete
155,soft_tiles
156,tiled
157,fine_concrete
158,tiled
159,soft_pvc
160,soft_pvc
161,hard_tiles_large_space
162,fine_concrete
163,wood
164,fine_concrete
165,soft_tiles
166,fine_concrete
167,hard_tiles_large_space
168,wood
169,hard_tiles_large_space
170,wood
171,soft_pvc
172,wood
173,soft_pvc
174,fine_concrete
175,concrete
176,concrete
177,hard_tiles_large_space
178,concrete
179,tiled
180,concrete
181,carpet
182,wood
183,soft_pvc
184,concrete
185,hard_tiles_large_space
186,tiled
187,soft_pvc
188,wood
189,soft_tiles
190,hard_tiles_large_space
191,wood
192,soft_pvc
193,concrete
194,wood
195,soft_pvc
196,wood
197,soft_tiles
198,hard_tiles
199,soft_tiles
200,hard_tiles_large_space
201,soft_pvc
202,soft_tiles
203,hard_tiles_large_space
204,soft_tiles
205,soft_pvc
206,soft_pvc
207,carpet
208,carpet
209,concrete
210,soft_pvc
211,wood
212,soft_pvc
213,carpet
214,wood
215,soft_tiles
216,soft_tiles
217,wood
218,soft_pvc
219,concrete
220,soft_pvc
221,soft_tiles
222,hard_tiles_large_space
223,soft_pvc
224,soft_tiles
225,wood
226,wood
227,concrete
228,hard_tiles_large_space
229,tiled
230,soft_pvc
231,fine_concrete
232,concrete
233,soft_tiles
234,soft_pvc
235,soft_tiles
236,soft_pvc
237,concrete
238,concrete
239,fine_concrete
240,carpet
241,tiled
242,tiled
243,soft_pvc
244,wood
245,fine_concrete
246,wood
247,tiled
248,carpet
249,fine_concrete
250,tiled
251,carpet
252,wood
253,concrete
254,concrete
255,soft_tiles
256,fine_concrete
257,soft_pvc
258,fine_concrete
259,soft_tiles
260,concrete
261,soft_pvc
262,wood
263,concrete
264,concrete
265,soft_tiles
266,hard_tiles_large_space
267,tiled
268,tiled
269,soft_tiles
270,fine_concrete
271,soft_tiles
272,concrete
273,soft_tiles
274,soft_pvc
275,concrete
276,tiled
277,carpet
278,soft_tiles
279,soft_pvc
280,concrete
281,wood
282,soft_pvc
283,wood
284,soft_tiles
285,wood
286,fine_concrete
287,concrete
288,tiled
289,hard_tiles_large_space
290,hard_tiles_large_space
291,hard_tiles_large_space
292,tiled
293,soft_pvc
294,concrete
295,soft_pvc
296,soft_pvc
297,wood
298,tiled
299,fine_concrete
300,soft_pvc
301,soft_pvc
302,wood
303,hard_tiles_large_space
304,concrete
305,soft_pvc
306,tiled
307,soft_pvc
308,concrete
309,concrete
310,hard_tiles_large_space
311,soft_pvc
312,soft_tiles
313,soft_pvc
314,soft_pvc
315,tiled
316,wood
317,wood
318,tiled
319,wood
320,soft_pvc
321,wood
322,soft_pvc
323,soft_tiles
324,tiled
325,wood
326,concrete
327,carpet
328,fine_concrete
329,wood
330,hard_tiles_large_space
331,soft_pvc
332,tiled
333,soft_pvc
334,concrete
335,concrete
336,tiled
337,tiled
338,fine_concrete
339,wood
340,wood
341,hard_tiles_large_space
342,soft_pvc
343,soft_tiles
344,fine_concrete
345,concrete
346,fine_concrete
347,wood
348,concrete
349,soft_pvc  
350,tiled
351,soft_pvc
352,tiled
353,wood
354,wood
355,tiled
356,soft_tiles
357,soft_tiles
358,wood
359,soft_pvc
360,tiled
361,hard_tiles_large_space
362,concrete
363,soft_pvc
364,tiled
365,fine_concrete
366,fine_concrete
367,wood
368,wood
369,concrete
370,hard_tiles_large_space
371,wood
372,soft_pvc
373,concrete
374,tiled
375,wood
376,soft_tiles
377,tiled
378,concrete
379,concrete
380,tiled
381,soft_tiles
382,wood
383,tiled
384,hard_tiles_large_space
385,concrete
386,carpet
387,soft_tiles
388,tiled
389,fine_concrete
390,soft_tiles
391,wood
392,concrete
393,soft_tiles
394,concrete
395,soft_tiles
396,soft_pvc
397,soft_pvc
398,fine_concrete
399,concrete
400,fine_concrete
401,fine_concrete
402,carpet
403,wood
404,fine_concrete
405,soft_tiles
406,carpet
407,fine_concrete
408,carpet
409,soft_pvc
410,concrete
411,wood
412,tiled
413,wood
414,wood
415,hard_tiles_large_space
416,fine_concrete
417,soft_pvc
418,soft_tiles
419,tiled
420,soft_tiles
421,soft_pvc
422,concrete
423,soft_pvc
424,fine_concrete
425,soft_pvc
426,tiled
427,soft_tiles
428,hard_tiles_large_space
429,tiled
430,concrete
431,tiled
432,soft_pvc
433,concrete
434,soft_tiles
435,wood
436,concrete
437,soft_tiles
438,fine_concrete
439,soft_pvc
440,soft_pvc
441,soft_tiles
442,soft_pvc
443,soft_pvc
444,wood
445,concrete
446,fine_concrete
447,hard_tiles_large_space
448,wood
449,carpet
450,fine_concrete
451,tiled
452,wood
453,tiled
454,soft_tiles
455,concrete
456,concrete
457,fine_concrete
458,fine_concrete
459,soft_pvc
460,soft_tiles
461,concrete
462,tiled
463,tiled
464,hard_tiles_large_space
465,concrete
466,concrete
467,soft_tiles
468,soft_tiles
469,soft_tiles
470,soft_tiles
471,wood
472,hard_tiles_large_space
473,tiled
474,hard_tiles_large_space
475,soft_pvc
476,wood
477,concrete
478,wood
479,wood
480,wood
481,concrete
482,tiled
483,hard_tiles_large_space
484,wood
485,carpet
486,hard_tiles_large_space
487,concrete
488,soft_tiles
489,concrete
490,wood
491,soft_pvc
492,concrete
493,concrete
494,soft_pvc
495,wood
496,wood
497,concrete
498,fine_concrete
499,concrete
500,concrete
501,wood
502,tiled
503,tiled
504,soft_pvc
505,fine_concrete
506,concrete
507,concrete
508,soft_pvc
509,wood
510,soft_pvc
511,soft_tiles
512,soft_tiles
513,soft_tiles
514,wood
515,tiled
516,soft_pvc
517,wood
518,concrete
519,wood
520,tiled
521,soft_tiles
522,soft_pvc
523,wood
524,fine_concrete
525,hard_tiles_large_space
526,wood
527,tiled
528,wood
529,concrete
530,soft_pvc
531,hard_tiles_large_space
532,soft_pvc
533,wood
534,concrete
535,hard_tiles_large_space
536,concrete
537,wood
538,fine_concrete
539,wood
540,hard_tiles_large_space
541,wood
542,soft_pvc
543,concrete
544,soft_tiles
545,concrete
546,wood
547,soft_pvc
548,concrete
549,concrete
550,wood
551,soft_tiles
552,concrete
553,concrete
554,wood
555,concrete
556,wood
557,wood
558,hard_tiles_large_space
559,soft_pvc
560,fine_concrete
561,fine_concrete
562,concrete
563,concrete
564,soft_pvc
565,concrete
566,tiled
567,soft_tiles
568,wood
569,tiled
570,tiled
571,wood
572,soft_pvc
573,soft_pvc
574,wood
575,fine_concrete
576,concrete
577,concrete
578,tiled
579,wood
580,soft_tiles
581,soft_pvc
582,concrete
583,soft_tiles
584,concrete
585,fine_concrete
586,fine_concrete
587,soft_pvc
588,wood
589,concrete
590,tiled
591,fine_concrete
592,soft_pvc
593,concrete
594,soft_pvc
595,hard_tiles_large_space
596,concrete
597,wood
598,tiled
599,concrete
600,concrete
601,carpet
602,concrete
603,soft_tiles
604,wood
605,concrete
606,soft_tiles
607,hard_tiles_large_space
608,concrete
609,soft_pvc
610,hard_tiles_large_space
611,soft_pvc
612,soft_pvc
613,wood
614,soft_pvc
615,hard_tiles_large_space
616,hard_tiles_large_space
617,concrete
618,fine_concrete
619,soft_tiles
620,concrete
621,soft_tiles
622,fine_concrete
623,fine_concrete
624,concrete
625,soft_tiles
626,soft_pvc
627,soft_pvc
628,soft_tiles
629,soft_tiles
630,concrete
631,soft_tiles
632,fine_concrete
633,wood
634,carpet
635,concrete
636,soft_tiles
637,concrete
638,soft_pvc
639,concrete
640,fine_concrete
641,tiled
642,concrete
643,tiled
644,wood
645,carpet
646,wood
647,concrete
648,fine_concrete
649,hard_tiles_large_space
650,wood
651,soft_tiles
652,concrete
653,tiled
654,concrete
655,wood
656,tiled
657,wood
658,hard_tiles_large_space
659,concrete
660,fine_concrete
661,concrete
662,soft_pvc
663,concrete
664,concrete
665,tiled
666,soft_pvc
667,fine_concrete
668,soft_tiles
669,soft_tiles
670,soft_pvc
671,fine_concrete
672,tiled
673,fine_concrete
674,soft_tiles
675,wood
676,wood
677,concrete
678,soft_pvc
679,fine_concrete
680,fine_concrete
681,concrete
682,soft_pvc
683,concrete
684,soft_tiles
685,wood
686,wood
687,tiled
688,soft_pvc
689,wood
690,tiled
691,soft_pvc
692,wood
693,fine_concrete
694,wood
695,carpet
696,soft_tiles
697,wood
698,hard_tiles
699,fine_concrete
700,wood
701,concrete
702,soft_pvc
703,tiled
704,soft_tiles
705,hard_tiles
706,hard_tiles_large_space
707,soft_pvc
708,fine_concrete
709,soft_pvc
710,wood
711,tiled
712,hard_tiles_large_space
713,soft_pvc
714,carpet
715,fine_concrete
716,concrete
717,wood
718,tiled
719,soft_pvc
720,soft_tiles
721,soft_tiles
722,concrete
723,concrete
724,soft_tiles
725,concrete
726,concrete
727,wood
728,concrete
729,concrete
730,tiled
731,hard_tiles_large_space
732,concrete
733,concrete
734,tiled
735,concrete
736,soft_pvc
737,concrete
738,wood
739,fine_concrete
740,tiled
741,wood
742,concrete
743,fine_concrete
744,wood
745,soft_pvc
746,concrete
747,concrete
748,concrete
749,wood
750,soft_tiles
751,soft_tiles
752,soft_pvc
753,fine_concrete
754,wood
755,hard_tiles_large_space
756,soft_pvc
757,soft_tiles
758,wood
759,soft_pvc
760,fine_concrete
761,hard_tiles_large_space
762,concrete
763,hard_tiles_large_space
764,soft_tiles
765,wood
766,wood
767,concrete
768,soft_pvc
769,fine_concrete
770,soft_pvc
771,concrete
772,fine_concrete
773,hard_tiles
774,wood
775,wood
776,concrete
777,wood
778,concrete
779,concrete
780,soft_pvc
781,concrete
782,wood
783,soft_tiles
784,hard_tiles
785,hard_tiles_large_space
786,fine_concrete
787,fine_concrete
788,tiled
789,wood
790,tiled
791,fine_concrete
792,wood
793,concrete
794,wood
795,fine_concrete
796,soft_pvc
797,fine_concrete
798,soft_tiles
799,concrete
800,soft_pvc
801,concrete
802,hard_tiles_large_space
803,soft_pvc
804,concrete
805,fine_concrete
806,soft_pvc
807,tiled
808,concrete
809,concrete
810,soft_pvc
811,tiled
812,soft_tiles
813,concrete
814,wood
815,soft_pvc
816,wood
817,soft_tiles
818,soft_pvc
819,fine_concrete
820,wood
821,concrete
822,concrete
823,soft_pvc
824,concrete
825,carpet
826,wood
827,concrete
828,soft_pvc
829,fine_concrete
830,fine_concrete
831,concrete
832,tiled
833,wood
834,wood
835,concrete
836,soft_pvc
837,fine_concrete
838,wood
839,tiled
840,soft_tiles
841,soft_pvc
842,tiled
843,fine_concrete
844,soft_pvc
845,concrete
846,soft_pvc
847,concrete
848,tiled
849,wood
850,soft_tiles
851,soft_pvc
852,concrete
853,concrete
854,concrete
855,tiled
856,hard_tiles_large_space
857,hard_tiles_large_space
858,concrete
859,fine_concrete
860,wood
861,soft_tiles
862,wood
863,hard_tiles_large_space
864,tiled
865,concrete
866,concrete
867,soft_tiles
868,concrete
869,tiled
870,soft_tiles
871,soft_tiles
872,tiled
873,tiled
874,tiled
875,carpet
876,tiled
877,soft_tiles
878,tiled
879,soft_tiles
880,soft_pvc
881,soft_pvc
882,soft_tiles
883,wood
884,wood
885,wood
886,concrete
887,tiled
888,fine_concrete
889,soft_pvc
890,tiled
891,soft_pvc
892,soft_pvc
893,concrete
894,concrete
895,soft_pvc
896,wood
897,concrete
898,hard_tiles
899,soft_tiles
900,tiled
901,soft_pvc
902,soft_pvc
903,wood
904,tiled
905,hard_tiles_large_space
906,soft_pvc
907,wood
908,wood
909,fine_concrete
910,concrete
911,concrete
912,concrete
913,concrete
914,wood
915,soft_pvc
916,wood
917,tiled
918,concrete
919,soft_tiles
920,soft_pvc
921,soft_pvc
922,fine_concrete
923,tiled
924,soft_pvc
925,concrete
926,concrete
927,hard_tiles_large_space
928,wood
929,tiled
930,concrete
931,tiled
932,tiled
933,concrete
934,soft_pvc
935,concrete
936,soft_pvc
937,soft_pvc
938,wood
939,wood
940,concrete
941,tiled
942,soft_pvc
943,wood
944,hard_tiles_large_space
945,wood
946,carpet
947,soft_tiles
948,tiled
949,concrete
950,soft_pvc
951,soft_pvc
952,concrete
953,soft_tiles
954,concrete
955,concrete
956,wood
957,soft_pvc
958,soft_tiles
959,concrete
960,soft_pvc
961,soft_pvc
962,tiled
963,fine_concrete
964,concrete
965,wood
966,concrete
967,soft_tiles
968,concrete
969,hard_tiles
970,soft_pvc
971,soft_pvc
972,wood
973,concrete
974,concrete
975,soft_pvc
976,concrete
977,fine_concrete
978,fine_concrete
979,concrete
980,soft_pvc
981,wood
982,wood
983,soft_tiles
984,concrete
985,concrete
986,concrete
987,wood
988,concrete
989,concrete
990,concrete
991,soft_tiles
992,soft_pvc
993,concrete
994,concrete
995,wood
996,concrete
997,soft_tiles
998,hard_tiles
999,hard_tiles_large_space
1000,soft_pvc
1001,concrete
1002,tiled
1003,hard_tiles_large_space
1004,soft_pvc
1005,fine_concrete
1006,concrete
1007,concrete
1008,concrete
1009,tiled
1010,concrete
1011,concrete
1012,carpet
1013,soft_tiles
1014,concrete
1015,tiled
1016,tiled
1017,concrete
1018,fine_concrete
1019,wood
1020,hard_tiles_large_space
1021,hard_tiles_large_space
1022,hard_tiles_large_space
1023,concrete
1024,soft_tiles
1025,concrete
1026,soft_pvc
1027,soft_tiles
1028,concrete
1029,wood
1030,fine_concrete
1031,hard_tiles_large_space
1032,concrete
1033,fine_concrete
1034,hard_tiles_large_space
1035,carpet
1036,fine_concrete
1037,wood
1038,soft_pvc
1039,soft_pvc
1040,fine_concrete
1041,soft_tiles
1042,carpet
1043,soft_pvc
1044,wood
1045,fine_concrete
1046,concrete
1047,fine_concrete
1048,concrete
1049,soft_pvc
1050,fine_concrete
1051,soft_pvc
1052,wood
1053,fine_concrete
1054,soft_pvc
1055,soft_tiles
1056,soft_pvc
1057,concrete
1058,wood
1059,fine_concrete
1060,wood
1061,soft_pvc
1062,hard_tiles_large_space
1063,hard_tiles_large_space
1064,wood
1065,soft_pvc
1066,concrete
1067,tiled
1068,concrete
1069,soft_tiles
1070,hard_tiles_large_space
1071,concrete
1072,soft_pvc
1073,concrete
1074,wood
1075,concrete
1076,carpet
1077,concrete
1078,soft_pvc
1079,soft_tiles
1080,soft_tiles
1081,concrete
1082,concrete
1083,soft_pvc
1084,fine_concrete
1085,tiled
1086,fine_concrete
1087,fine_concrete
1088,wood
1089,carpet
1090,wood
1091,wood
1092,tiled
1093,tiled
1094,fine_concrete
1095,tiled
1096,wood
1097,soft_pvc
1098,fine_concrete
1099,concrete
1100,soft_tiles
1101,soft_pvc
1102,soft_pvc
1103,wood
1104,concrete
1105,fine_concrete
1106,concrete
1107,soft_pvc
1108,wood
1109,concrete
1110,carpet
1111,soft_tiles
1112,soft_pvc
1113,carpet
1114,soft_tiles
1115,wood
1116,soft_pvc
1117,soft_pvc
1118,soft_pvc
1119,concrete
1120,tiled
1121,fine_concrete
1122,soft_pvc
1123,soft_pvc
1124,tiled
1125,fine_concrete
1126,concrete
1127,hard_tiles_large_space
1128,soft_tiles
1129,concrete
1130,concrete
1131,soft_pvc
1132,concrete
1133,concrete
1134,soft_pvc
1135,soft_pvc
1136,tiled
1137,wood
1138,soft_tiles
1139,tiled
1140,soft_tiles
1141,concrete
1142,fine_concrete
1143,soft_pvc
1144,soft_pvc
1145,fine_concrete
1146,concrete
1147,soft_tiles
1148,concrete
1149,concrete
1150,fine_concrete
1151,concrete
1152,soft_pvc
1153,soft_pvc
1154,concrete
1155,concrete
1156,fine_concrete
1157,tiled
1158,concrete
1159,soft_tiles
1160,concrete
1161,concrete
1162,concrete
1163,tiled
1164,soft_pvc
1165,carpet
1166,soft_pvc
1167,concrete
1168,soft_pvc
1169,wood
1170,hard_tiles_large_space
1171,wood
1172,hard_tiles_large_space
1173,fine_concrete
1174,soft_pvc
1175,soft_pvc
1176,hard_tiles_large_space
1177,wood
1178,wood
1179,tiled
1180,fine_concrete
1181,soft_tiles
1182,soft_tiles
1183,fine_concrete
1184,concrete
1185,hard_tiles_large_space
1186,tiled
1187,concrete
1188,tiled
1189,soft_tiles
1190,hard_tiles_large_space
1191,soft_tiles
1192,tiled
1193,soft_tiles
1194,wood
1195,soft_pvc
1196,fine_concrete
1197,concrete
1198,tiled
1199,soft_pvc
1200,tiled
1201,concrete
1202,fine_concrete
1203,concrete
1204,soft_pvc
1205,soft_tiles
1206,soft_pvc
1207,soft_tiles
1208,soft_pvc
1209,soft_tiles
1210,concrete
1211,fine_concrete
1212,carpet
1213,soft_tiles
1214,tiled
1215,fine_concrete
1216,hard_tiles_large_space
1217,tiled
1218,soft_tiles
1219,wood
1220,fine_concrete
1221,soft_pvc
1222,soft_tiles
1223,wood
1224,soft_tiles
1225,concrete
1226,soft_pvc
1227,concrete
1228,wood
1229,carpet
1230,soft_pvc
1231,fine_concrete
1232,fine_concrete
1233,wood
1234,carpet
1235,wood
1236,soft_pvc
1237,hard_tiles_large_space
1238,concrete
1239,concrete
1240,concrete
1241,wood
1242,wood
1243,concrete
1244,soft_pvc
1245,tiled
1246,fine_concrete
1247,tiled
1248,concrete
1249,concrete
1250,soft_pvc
1251,concrete
1252,concrete
1253,soft_tiles
1254,soft_pvc
1255,concrete
1256,soft_pvc
1257,wood
1258,wood
1259,concrete
1260,wood
1261,concrete
1262,soft_tiles
1263,fine_concrete
1264,concrete
1265,soft_tiles
1266,hard_tiles_large_space
1267,soft_pvc
1268,fine_concrete
1269,concrete
1270,soft_tiles
1271,hard_tiles_large_space
1272,soft_tiles
1273,wood
1274,soft_pvc
1275,fine_concrete
1276,wood
1277,concrete
1278,tiled
1279,carpet
1280,concrete
1281,concrete
1282,concrete
1283,wood
1284,soft_pvc
1285,concrete
1286,tiled
1287,concrete
1288,soft_tiles
1289,soft_pvc
1290,concrete
1291,soft_pvc
1292,hard_tiles
1293,concrete
1294,hard_tiles_large_space
1295,tiled
1296,wood
1297,tiled
1298,fine_concrete
1299,soft_tiles
1300,wood
1301,concrete
1302,concrete
1303,soft_pvc
1304,concrete
1305,soft_tiles
1306,concrete
1307,concrete
1308,fine_concrete
1309,tiled
1310,concrete
1311,fine_concrete
1312,concrete
1313,hard_tiles_large_space
1314,concrete
1315,wood
1316,concrete
1317,soft_pvc
1318,tiled
1319,soft_tiles
1320,tiled
1321,carpet
1322,tiled
1323,soft_tiles
1324,soft_pvc
1325,concrete
1326,concrete
1327,soft_pvc
1328,soft_pvc
1329,concrete
1330,tiled
1331,soft_tiles
1332,carpet
1333,concrete
1334,concrete
1335,hard_tiles_large_space
1336,carpet
1337,carpet
1338,wood
1339,soft_pvc
1340,wood
1341,soft_tiles
1342,wood
1343,wood
1344,soft_pvc
1345,fine_concrete
1346,fine_concrete
1347,soft_pvc
1348,tiled
1349,hard_tiles_large_space
1350,hard_tiles_large_space
1351,concrete
1352,soft_tiles
1353,fine_concrete
1354,soft_tiles
1355,concrete
1356,carpet
1357,soft_pvc
1358,soft_tiles
1359,concrete
1360,soft_tiles
1361,hard_tiles_large_space
1362,hard_tiles_large_space
1363,soft_pvc
1364,concrete
1365,tiled
1366,soft_tiles
1367,soft_tiles
1368,tiled
1369,soft_tiles
1370,soft_pvc
1371,concrete
1372,wood
1373,soft_tiles
1374,wood
1375,hard_tiles_large_space
1376,concrete
1377,hard_tiles_large_space
1378,fine_concrete
1379,tiled
1380,carpet
1381,tiled
1382,soft_pvc
1383,hard_tiles_large_space
1384,concrete
1385,wood
1386,concrete
1387,fine_concrete
1388,wood
1389,concrete
1390,fine_concrete
1391,concrete
1392,hard_tiles_large_space
1393,concrete
1394,tiled
1395,concrete
1396,concrete
1397,concrete
1398,soft_pvc
1399,wood
1400,fine_concrete
1401,concrete
1402,soft_tiles
1403,soft_pvc
1404,wood
1405,hard_tiles_large_space
1406,concrete
1407,soft_tiles
1408,tiled
1409,hard_tiles
1410,concrete
1411,concrete
1412,concrete
1413,fine_concrete
1414,fine_concrete
1415,soft_tiles
1416,fine_concrete
1417,concrete
1418,fine_concrete
1419,tiled
1420,soft_pvc
1421,wood
1422,carpet
1423,concrete
1424,concrete
1425,soft_tiles
1426,soft_tiles
1427,hard_tiles_large_space
1428,soft_tiles
1429,soft_tiles
1430,concrete
1431,concrete
1432,concrete
1433,soft_tiles
1434,soft_pvc
1435,soft_tiles
1436,tiled
1437,soft_pvc
1438,soft_pvc
1439,soft_pvc
1440,wood
1441,soft_pvc
1442,soft_pvc
1443,tiled
1444,soft_pvc
1445,wood
1446,tiled
1447,concrete
1448,concrete
1449,fine_concrete
1450,concrete
1451,soft_pvc
1452,soft_pvc
1453,concrete
1454,wood
1455,carpet
1456,concrete
1457,fine_concrete
1458,concrete
1459,concrete
1460,soft_tiles
1461,soft_pvc
1462,concrete
1463,tiled
1464,hard_tiles_large_space
1465,tiled
1466,tiled
1467,wood
1468,soft_pvc
1469,wood
1470,soft_pvc
1471,concrete
1472,soft_pvc
1473,concrete
1474,hard_tiles_large_space
1475,concrete
1476,wood
1477,carpet
1478,soft_pvc
1479,concrete
1480,concrete
1481,fine_concrete
1482,concrete
1483,soft_pvc
1484,wood
1485,soft_pvc
1486,fine_concrete
1487,tiled
1488,tiled
1489,tiled
1490,soft_tiles
1491,concrete
1492,soft_pvc
1493,soft_pvc
1494,concrete
1495,wood
1496,fine_concrete
1497,tiled
1498,concrete
1499,hard_tiles_large_space
1500,soft_pvc
1501,fine_concrete
1502,soft_pvc
1503,concrete
1504,fine_concrete
1505,soft_pvc
1506,soft_pvc
1507,soft_pvc
1508,wood
1509,wood
1510,soft_pvc
1511,tiled
1512,concrete
1513,wood
1514,concrete
1515,soft_pvc
1516,soft_tiles
1517,soft_tiles
1518,soft_pvc
1519,soft_tiles
1520,soft_pvc
1521,wood
1522,soft_tiles
1523,soft_tiles
1524,hard_tiles_large_space
1525,tiled
1526,concrete
1527,hard_tiles_large_space
1528,wood
1529,concrete
1530,soft_tiles
1531,wood
1532,concrete
1533,soft_tiles
1534,concrete
1535,wood
1536,hard_tiles_large_space
1537,soft_pvc
1538,carpet
1539,concrete
1540,tiled
1541,fine_concrete
1542,concrete
1543,wood
1544,soft_tiles
1545,soft_pvc
1546,tiled
1547,fine_concrete
1548,soft_tiles
1549,tiled
1550,wood
1551,concrete
1552,soft_tiles
1553,hard_tiles_large_space
1554,fine_concrete
1555,tiled
1556,soft_pvc
1557,hard_tiles_large_space
1558,fine_concrete
1559,fine_concrete
1560,wood
1561,soft_tiles
1562,concrete
1563,concrete
1564,soft_pvc
1565,concrete
1566,wood
1567,hard_tiles_large_space
1568,wood
1569,soft_tiles
1570,concrete
1571,concrete
1572,soft_tiles
1573,concrete
1574,concrete
1575,soft_tiles
1576,soft_tiles
1577,hard_tiles_large_space
1578,tiled
1579,concrete
1580,soft_tiles
1581,soft_pvc
1582,tiled
1583,hard_tiles_large_space
1584,concrete
1585,concrete
1586,concrete
1587,carpet
1588,concrete
1589,concrete
1590,tiled
1591,wood
1592,fine_concrete
1593,soft_tiles
1594,wood
1595,concrete
1596,tiled
1597,soft_pvc
1598,carpet
1599,hard_tiles_large_space
1600,soft_pvc
1601,tiled
1602,soft_pvc
1603,soft_tiles
1604,soft_pvc
1605,soft_pvc
1606,tiled
1607,concrete
1608,tiled
1609,wood
1610,concrete
1611,soft_pvc
1612,hard_tiles_large_space
1613,soft_pvc
1614,wood
1615,soft_tiles
1616,soft_tiles
1617,concrete
1618,soft_pvc
1619,soft_pvc
1620,soft_pvc
1621,hard_tiles_large_space
1622,tiled
1623,soft_pvc
1624,soft_tiles
1625,soft_pvc
1626,soft_tiles
1627,concrete
1628,hard_tiles_large_space
1629,concrete
1630,soft_tiles
1631,soft_tiles
1632,concrete
1633,concrete
1634,hard_tiles_large_space
1635,soft_pvc
1636,wood
1637,soft_pvc
1638,hard_tiles_large_space
1639,wood
1640,wood
1641,soft_pvc
1642,concrete
1643,fine_concrete
1644,hard_tiles_large_space
1645,soft_pvc
1646,soft_tiles
1647,concrete
1648,soft_tiles
1649,hard_tiles_large_space
1650,carpet
1651,hard_tiles_large_space
1652,hard_tiles_large_space
1653,soft_pvc
1654,wood
1655,concrete
1656,wood
1657,concrete
1658,soft_pvc
1659,wood
1660,fine_concrete
1661,soft_pvc
1662,concrete
1663,tiled
1664,fine_concrete
1665,soft_pvc
1666,carpet
1667,concrete
1668,hard_tiles_large_space
1669,carpet
1670,hard_tiles_large_space
1671,tiled
1672,hard_tiles_large_space
1673,soft_pvc
1674,soft_tiles
1675,fine_concrete
1676,concrete
1677,soft_tiles
1678,soft_tiles
1679,concrete
1680,soft_tiles
1681,fine_concrete
1682,tiled
1683,concrete
1684,tiled
1685,tiled
1686,tiled
1687,concrete
1688,soft_tiles
1689,concrete
1690,hard_tiles_large_space
1691,soft_tiles
1692,soft_pvc
1693,tiled
1694,concrete
1695,hard_tiles_large_space
1696,tiled
1697,fine_concrete
1698,hard_tiles
1699,tiled
1700,concrete
1701,hard_tiles_large_space
1702,soft_pvc
1703,wood
1704,soft_tiles
1705,tiled
1706,soft_pvc
1707,concrete
1708,soft_pvc
1709,hard_tiles_large_space
1710,carpet
1711,soft_tiles
1712,concrete
1713,hard_tiles_large_space
1714,concrete
1715,wood
1716,soft_pvc
1717,wood
1718,wood
1719,soft_pvc
1720,concrete
1721,hard_tiles_large_space
1722,hard_tiles_large_space
1723,soft_tiles
1724,hard_tiles_large_space
1725,soft_pvc
1726,tiled
1727,tiled
1728,soft_tiles
1729,concrete
1730,tiled
1731,wood
1732,tiled
1733,tiled
1734,fine_concrete
1735,concrete
1736,soft_tiles
1737,soft_pvc
1738,concrete
1739,concrete
1740,fine_concrete
1741,concrete
1742,concrete
1743,fine_concrete
1744,tiled
1745,concrete
1746,wood
1747,soft_tiles
1748,hard_tiles_large_space
1749,soft_tiles
1750,soft_pvc
1751,soft_pvc
1752,hard_tiles_large_space
1753,hard_tiles_large_space
1754,concrete
1755,concrete
1756,concrete
1757,soft_pvc
1758,tiled
1759,fine_concrete
1760,wood
1761,soft_pvc
1762,concrete
1763,wood
1764,tiled
1765,concrete
1766,tiled
1767,soft_pvc
1768,soft_pvc
1769,concrete
1770,soft_pvc
1771,concrete
1772,soft_tiles
1773,concrete
1774,soft_tiles
1775,soft_pvc
1776,carpet
1777,concrete
1778,fine_concrete
1779,soft_tiles
1780,fine_concrete
1781,hard_tiles_large_space
1782,fine_concrete
1783,concrete
1784,soft_pvc
1785,soft_tiles
1786,soft_tiles
1787,fine_concrete
1788,tiled
1789,soft_tiles
1790,hard_tiles_large_space
1791,carpet
1792,fine_concrete
1793,soft_pvc
1794,concrete
1795,hard_tiles_large_space
1796,concrete
1797,concrete
1798,carpet
1799,soft_tiles
1800,concrete
1801,soft_pvc
1802,soft_pvc
1803,wood
1804,concrete
1805,soft_tiles
1806,concrete
1807,concrete
1808,soft_tiles
1809,concrete
1810,soft_pvc
1811,soft_tiles
1812,fine_concrete
1813,concrete
1814,carpet
1815,soft_pvc
1816,soft_tiles
1817,fine_concrete
1818,soft_pvc
1819,fine_concrete
1820,soft_pvc
1821,wood
1822,soft_tiles
1823,soft_pvc
1824,fine_concrete
1825,wood
1826,fine_concrete
1827,tiled
1828,soft_tiles
1829,concrete
1830,tiled
1831,wood
1832,concrete
1833,fine_concrete
1834,concrete
1835,wood
1836,concrete
1837,fine_concrete
1838,soft_tiles
1839,concrete
1840,wood
1841,fine_concrete
1842,soft_pvc
1843,concrete
1844,concrete
1845,soft_tiles
1846,hard_tiles 
1847,wood
1848,wood
1849,soft_pvc
1850,tiled
1851,concrete
1852,soft_pvc
1853,hard_tiles_large_space
1854,hard_tiles_large_space
1855,soft_pvc
1856,concrete
1857,soft_tiles
1858,soft_tiles
1859,concrete
1860,concrete
1861,concrete
1862,tiled
1863,concrete
1864,fine_concrete
1865,concrete
1866,fine_concrete
1867,soft_pvc
1868,carpet
1869,tiled
1870,wood
1871,soft_pvc
1872,concrete
1873,tiled
1874,fine_concrete
1875,fine_concrete
1876,concrete
1877,soft_pvc
1878,soft_tiles
1879,wood
1880,concrete
1881,concrete
1882,soft_pvc
1883,soft_pvc
1884,fine_concrete
1885,tiled
1886,soft_pvc
1887,hard_tiles_large_space
1888,soft_pvc
1889,concrete
1890,wood
1891,fine_concrete
1892,tiled
1893,wood
1894,concrete
1895,concrete
1896,concrete
1897,wood
1898,fine_concrete
1899,tiled
1900,soft_pvc
1901,concrete
1902,tiled
1903,tiled
1904,tiled
1905,fine_concrete
1906,concrete
1907,soft_pvc
1908,tiled
1909,soft_tiles
1910,soft_pvc
1911,hard_tiles_large_space
1912,hard_tiles_large_space
1913,soft_pvc
1914,wood
1915,soft_pvc
1916,soft_tiles
1917,wood
1918,concrete
1919,soft_pvc
1920,concrete
1921,concrete
1922,soft_tiles
1923,soft_pvc
1924,wood
1925,concrete
1926,concrete
1927,tiled
1928,tiled
1929,soft_pvc
1930,concrete
1931,concrete
1932,wood
1933,tiled
1934,tiled
1935,carpet
1936,wood
1937,soft_pvc
1938,tiled
1939,soft_tiles
1940,concrete
1941,soft_tiles
1942,concrete
1943,soft_pvc
1944,hard_tiles_large_space
1945,wood
1946,soft_tiles
1947,concrete
1948,concrete
1949,wood
1950,soft_pvc
1951,wood
1952,wood
1953,hard_tiles_large_space
1954,soft_pvc
1955,concrete
1956,concrete
1957,soft_pvc
1958,hard_tiles_large_space
1959,hard_tiles_large_space
1960,concrete
1961,wood
1962,concrete
1963,wood
1964,concrete
1965,concrete
1966,hard_tiles_large_space
1967,fine_concrete
1968,wood
1969,wood
1970,wood
1971,wood
1972,concrete
1973,hard_tiles_large_space
1974,tiled
1975,soft_tiles
1976,wood
1977,soft_tiles
1978,tiled
1979,concrete
1980,wood
1981,concrete
1982,concrete
1983,tiled
1984,concrete
1985,soft_tiles
1986,fine_concrete
1987,wood
1988,soft_pvc
1989,tiled
1990,fine_concrete
1991,soft_tiles
1992,soft_tiles
1993,tiled
1994,tiled
1995,soft_pvc
1996,tiled
1997,fine_concrete
1998,soft_tiles
1999,fine_concrete
2000,soft_pvc
2001,soft_tiles
2002,soft_pvc
2003,soft_tiles
2004,concrete
2005,concrete
2006,soft_pvc
2007,concrete
2008,soft_pvc
2009,soft_pvc
2010,wood
2011,tiled
2012,soft_pvc
2013,carpet
2014,soft_pvc
2015,concrete
2016,wood
2017,soft_tiles
2018,wood
2019,soft_pvc
2020,fine_concrete
2021,soft_pvc
2022,soft_tiles
2023,fine_concrete
2024,soft_tiles
2025,carpet
2026,concrete
2027,hard_tiles_large_space
2028,fine_concrete
2029,carpet
2030,fine_concrete
2031,wood
2032,wood
2033,concrete
2034,fine_concrete
2035,fine_concrete
2036,concrete
2037,soft_pvc
2038,wood
2039,tiled
2040,concrete
2041,fine_concrete
2042,fine_concrete
2043,concrete
2044,tiled
2045,tiled
2046,soft_pvc
2047,tiled
2048,carpet
2049,concrete
2050,tiled
2051,soft_pvc
2052,concrete
2053,soft_tiles
2054,soft_tiles
2055,wood
2056,soft_pvc
2057,wood
2058,concrete
2059,concrete
2060,concrete
2061,soft_pvc
2062,fine_concrete
2063,soft_tiles
2064,soft_tiles
2065,soft_pvc
2066,tiled
2067,soft_pvc
2068,concrete
2069,concrete
2070,concrete
2071,wood
2072,concrete
2073,tiled
2074,wood
2075,concrete
2076,concrete
2077,tiled
2078,soft_tiles
2079,fine_concrete
2080,tiled
2081,soft_tiles
2082,wood
2083,concrete
2084,fine_concrete
2085,concrete
2086,soft_tiles
2087,wood
2088,fine_concrete
2089,wood
2090,concrete
2091,soft_pvc
2092,concrete
2093,wood
2094,wood
2095,concrete
2096,soft_tiles
2097,soft_pvc
2098,fine_concrete
2099,hard_tiles_large_space
2100,concrete
2101,concrete
2102,soft_pvc
2103,hard_tiles_large_space
2104,soft_pvc
2105,soft_pvc
2106,soft_pvc
2107,hard_tiles_large_space
2108,concrete
2109,concrete
2110,tiled
2111,soft_pvc
2112,concrete
2113,soft_tiles
2114,soft_tiles
2115,wood
2116,tiled
2117,concrete
2118,concrete
2119,soft_tiles
2120,tiled
2121,wood
2122,soft_tiles
2123,soft_pvc
2124,soft_pvc
2125,soft_tiles
2126,fine_concrete
2127,concrete
2128,concrete
2129,tiled
2130,soft_pvc
2131,carpet
2132,concrete
2133,hard_tiles_large_space
2134,fine_concrete
2135,fine_concrete
2136,hard_tiles_large_space
2137,soft_tiles
2138,concrete
2139,tiled
2140,concrete
2141,soft_pvc
2142,soft_pvc
2143,fine_concrete
2144,soft_tiles
2145,concrete
2146,soft_tiles
2147,soft_pvc
2148,concrete
2149,wood
2150,soft_pvc
2151,fine_concrete
2152,concrete
2153,soft_pvc
2154,wood
2155,soft_tiles
2156,wood
2157,wood
2158,soft_tiles
2159,fine_concrete
2160,soft_tiles
2161,concrete
2162,concrete
2163,hard_tiles_large_space
2164,tiled
2165,tiled
2166,fine_concrete
2167,concrete
2168,soft_pvc
2169,tiled
2170,soft_tiles
2171,hard_tiles_large_space
2172,soft_pvc
2173,soft_tiles
2174,soft_tiles
2175,soft_pvc
2176,concrete
2177,concrete
2178,soft_tiles
2179,tiled
2180,concrete
2181,tiled
2182,concrete
2183,wood
2184,concrete
2185,fine_concrete
2186,soft_pvc
2187,wood
2188,soft_tiles
2189,soft_tiles
2190,tiled
2191,hard_tiles_large_space
2192,concrete
2193,wood
2194,soft_tiles
2195,tiled
2196,soft_pvc
2197,soft_pvc
2198,hard_tiles
2199,hard_tiles_large_space
2200,soft_tiles
2201,wood
2202,concrete
2203,concrete
2204,fine_concrete
2205,concrete
2206,wood
2207,wood
2208,soft_tiles
2209,fine_concrete
2210,soft_pvc
2211,soft_pvc
2212,concrete
2213,wood
2214,fine_concrete
2215,hard_tiles_large_space
2216,concrete
2217,soft_tiles
2218,wood
2219,concrete
2220,soft_pvc
2221,soft_pvc
2222,tiled
2223,wood
2224,concrete
2225,concrete
2226,soft_pvc
2227,wood
2228,hard_tiles_large_space
2229,soft_pvc
2230,concrete
2231,wood
2232,soft_pvc
2233,fine_concrete
2234,concrete
2235,tiled
2236,soft_tiles
2237,wood
2238,soft_pvc
2239,soft_pvc
2240,wood
2241,wood
2242,concrete
2243,concrete
2244,soft_tiles
2245,soft_tiles
2246,concrete
2247,fine_concrete
2248,tiled
2249,concrete
2250,soft_tiles
2251,carpet
2252,fine_concrete
2253,fine_concrete
2254,concrete
2255,fine_concrete
2256,tiled
2257,tiled
2258,soft_tiles
2259,soft_pvc
2260,soft_tiles
2261,wood
2262,tiled
2263,fine_concrete
2264,concrete
2265,hard_tiles_large_space
2266,soft_tiles
2267,concrete
2268,soft_tiles
2269,carpet
2270,soft_pvc
2271,wood
2272,soft_tiles
2273,wood
2274,concrete
2275,wood
2276,tiled
2277,tiled
2278,wood
2279,wood
2280,tiled
2281,wood
2282,fine_concrete
2283,tiled
2284,carpet
2285,concrete
2286,carpet
2287,concrete
2288,concrete
2289,concrete
2290,concrete
2291,fine_concrete
2292,soft_pvc
2293,hard_tiles_large_space
2294,wood
2295,concrete
2296,carpet
2297,soft_tiles
2298,fine_concrete
2299,soft_tiles
2300,soft_pvc
2301,fine_concrete
2302,fine_concrete
2303,soft_pvc
2304,fine_concrete
2305,concrete
2306,concrete
2307,soft_pvc
2308,fine_concrete
2309,concrete
2310,soft_tiles
2311,concrete
2312,fine_concrete
2313,wood
2314,fine_concrete
2315,wood
2316,wood
2317,soft_pvc
2318,tiled
2319,fine_concrete
2320,soft_tiles
2321,soft_tiles
2322,wood
2323,soft_pvc
2324,fine_concrete
2325,tiled
2326,hard_tiles_large_space
2327,soft_tiles
2328,soft_tiles
2329,wood
2330,soft_pvc
2331,soft_pvc
2332,soft_pvc
2333,soft_pvc
2334,soft_pvc
2335,tiled
2336,concrete
2337,soft_pvc
2338,soft_pvc
2339,soft_pvc
2340,concrete
2341,hard_tiles_large_space
2342,fine_concrete
2343,hard_tiles_large_space
2344,concrete
2345,soft_tiles
2346,concrete
2347,soft_pvc
2348,fine_concrete
2349,tiled
2350,soft_tiles
2351,tiled
2352,soft_tiles
2353,wood
2354,soft_tiles
2355,soft_tiles
2356,soft_pvc
2357,fine_concrete
2358,wood
2359,wood
2360,concrete
2361,wood
2362,carpet
2363,fine_concrete
2364,wood
2365,concrete
2366,soft_pvc
2367,wood
2368,wood
2369,wood
2370,soft_tiles
2371,soft_pvc
2372,soft_pvc
2373,concrete
2374,soft_tiles
2375,soft_pvc
2376,fine_concrete
2377,carpet
2378,fine_concrete
2379,fine_concrete
2380,wood
2381,soft_tiles
2382,tiled
2383,soft_pvc
2384,tiled
2385,fine_concrete
2386,concrete
2387,hard_tiles_large_space
2388,wood
2389,soft_pvc
2390,soft_pvc
2391,soft_tiles
2392,soft_tiles
2393,carpet
2394,soft_pvc
2395,fine_concrete
2396,concrete
2397,concrete
2398,carpet
2399,soft_pvc
2400,wood
2401,concrete
2402,tiled
2403,carpet
2404,hard_tiles_large_space
2405,tiled
2406,soft_tiles
2407,soft_tiles
2408,concrete
2409,concrete
2410,soft_pvc
2411,wood
2412,tiled
2413,concrete
2414,carpet
2415,carpet
2416,tiled
2417,tiled
2418,soft_pvc
2419,soft_tiles
2420,carpet
2421,tiled
2422,tiled
2423,carpet
2424,wood
2425,fine_concrete
2426,wood
2427,tiled
2428,concrete
2429,wood
2430,fine_concrete
2431,hard_tiles_large_space
2432,wood
2433,soft_pvc
2434,soft_pvc
2435,soft_tiles
2436,concrete
2437,tiled
2438,soft_pvc
2439,fine_concrete
2440,fine_concrete
2441,soft_tiles
2442,hard_tiles_large_space
2443,fine_concrete
2444,tiled
2445,soft_pvc
2446,concrete
2447,soft_tiles
2448,concrete
2449,soft_tiles
2450,concrete
2451,concrete
2452,soft_pvc
2453,fine_concrete
2454,concrete
2455,fine_concrete
2456,tiled
2457,concrete
2458,soft_tiles
2459,concrete
2460,soft_tiles
2461,wood
2462,soft_tiles
2463,concrete
2464,wood
2465,carpet
2466,carpet
2467,fine_concrete
2468,fine_concrete
2469,soft_pvc
2470,wood
2471,hard_tiles_large_space
2472,soft_pvc
2473,hard_tiles_large_space
2474,soft_tiles
2475,soft_tiles
2476,tiled
2477,concrete
2478,concrete
2479,wood
2480,concrete
2481,soft_tiles
2482,soft_tiles
2483,wood
2484,carpet
2485,hard_tiles_large_space
2486,fine_concrete
2487,wood
2488,concrete
2489,soft_pvc
2490,concrete
2491,concrete
2492,soft_pvc
2493,concrete
2494,carpet
2495,concrete
2496,soft_tiles
2497,soft_pvc
2498,wood
2499,concrete
2500,hard_tiles_large_space
2501,fine_concrete
2502,soft_tiles
2503,wood
2504,soft_pvc
2505,wood
2506,concrete
2507,concrete
2508,concrete
2509,soft_pvc
2510,fine_concrete
2511,concrete
2512,soft_pvc
2513,soft_tiles
2514,fine_concrete
2515,fine_concrete
2516,soft_pvc
2517,carpet
2518,wood
2519,tiled
2520,soft_tiles
2521,tiled
2522,soft_pvc
2523,wood
2524,soft_pvc
2525,soft_pvc
2526,wood
2527,hard_tiles_large_space
2528,wood
2529,soft_pvc
2530,wood
2531,soft_tiles
2532,hard_tiles_large_space
2533,hard_tiles_large_space
2534,concrete
2535,fine_concrete
2536,hard_tiles_large_space
2537,soft_tiles
2538,soft_tiles
2539,soft_tiles
2540,hard_tiles_large_space
2541,concrete
2542,wood
2543,tiled
2544,tiled
2545,concrete
2546,fine_concrete
2547,concrete
2548,wood
2549,tiled
2550,wood
2551,soft_tiles
2552,wood
2553,tiled
2554,tiled
2555,soft_tiles
2556,tiled
2557,hard_tiles_large_space
2558,wood
2559,soft_pvc
2560,hard_tiles_large_space
2561,soft_tiles
2562,concrete
2563,soft_pvc
2564,tiled
2565,soft_pvc
2566,concrete
2567,soft_tiles
2568,concrete
2569,soft_pvc
2570,concrete
2571,soft_pvc
2572,concrete
2573,fine_concrete
2574,wood
2575,wood
2576,soft_tiles
2577,wood
2578,wood
2579,soft_pvc
2580,fine_concrete
2581,concrete
2582,concrete
2583,concrete
2584,wood
2585,soft_tiles
2586,hard_tiles_large_space
2587,concrete
2588,concrete
2589,soft_pvc
2590,soft_tiles
2591,hard_tiles_large_space
2592,soft_pvc
2593,soft_tiles
2594,tiled
2595,soft_tiles
2596,fine_concrete
2597,tiled
2598,wood
2599,tiled
2600,soft_pvc
2601,fine_concrete
2602,wood
2603,concrete
2604,concrete
2605,fine_concrete
2606,soft_pvc
2607,concrete
2608,carpet
2609,hard_tiles_large_space
2610,concrete
2611,fine_concrete
2612,soft_pvc
2613,concrete
2614,soft_pvc
2615,wood
2616,soft_pvc
2617,wood
2618,concrete
2619,carpet
2620,soft_pvc
2621,wood
2622,soft_pvc
2623,hard_tiles_large_space
2624,soft_tiles
2625,soft_pvc
2626,soft_pvc
2627,concrete
2628,soft_pvc
2629,wood
2630,concrete
2631,tiled
2632,hard_tiles_large_space
2633,wood
2634,fine_concrete
2635,concrete
2636,wood
2637,concrete
2638,concrete
2639,soft_pvc
2640,concrete
2641,fine_concrete
2642,soft_pvc
2643,tiled
2644,concrete
2645,tiled
2646,soft_pvc
2647,wood
2648,concrete
2649,soft_pvc
2650,tiled
2651,soft_pvc
2652,wood
2653,hard_tiles_large_space
2654,tiled
2655,tiled
2656,concrete
2657,soft_pvc
2658,hard_tiles_large_space
2659,soft_tiles
2660,soft_pvc
2661,soft_tiles
2662,tiled
2663,fine_concrete
2664,soft_pvc
2665,fine_concrete
2666,soft_pvc
2667,soft_pvc
2668,concrete
2669,soft_tiles
2670,concrete
2671,concrete
2672,tiled
2673,soft_pvc
2674,soft_tiles
2675,concrete
2676,wood
2677,soft_pvc
2678,hard_tiles_large_space
2679,soft_pvc
2680,soft_pvc
2681,soft_tiles
2682,wood
2683,fine_concrete
2684,concrete
2685,concrete
2686,soft_tiles
2687,tiled
2688,soft_tiles
2689,wood
2690,carpet
2691,concrete
2692,soft_pvc
2693,soft_pvc
2694,wood
2695,tiled
2696,tiled
2697,concrete
2698,wood
2699,wood
2700,tiled
2701,fine_concrete
2702,carpet
2703,soft_pvc
2704,hard_tiles_large_space
2705,soft_pvc
2706,concrete
2707,soft_tiles
2708,hard_tiles_large_space
2709,soft_pvc
2710,soft_pvc
2711,concrete
2712,tiled
2713,soft_pvc
2714,concrete
2715,soft_pvc
2716,tiled
2717,tiled
2718,tiled
2719,carpet
2720,soft_tiles
2721,tiled
2722,wood
2723,carpet
2724,soft_pvc
2725,hard_tiles_large_space
2726,concrete
2727,concrete
2728,wood
2729,tiled
2730,wood
2731,wood
2732,concrete
2733,soft_pvc
2734,tiled
2735,concrete
2736,concrete
2737,fine_concrete
2738,fine_concrete
2739,soft_pvc
2740,concrete
2741,wood
2742,tiled
2743,concrete
2744,wood
2745,soft_pvc
2746,hard_tiles_large_space
2747,concrete
2748,concrete
2749,hard_tiles_large_space
2750,fine_concrete
2751,soft_pvc
2752,concrete
2753,wood
2754,concrete
2755,tiled
2756,tiled
2757,soft_pvc
2758,concrete
2759,soft_pvc
2760,concrete
2761,soft_pvc
2762,soft_pvc
2763,hard_tiles_large_space
2764,soft_tiles
2765,tiled
2766,fine_concrete
2767,soft_pvc
2768,soft_pvc
2769,concrete
2770,tiled
2771,hard_tiles_large_space
2772,soft_pvc
2773,soft_tiles
2774,tiled
2775,soft_tiles
2776,soft_tiles
2777,soft_pvc
2778,concrete
2779,carpet
2780,fine_concrete
2781,soft_pvc
2782,soft_pvc
2783,concrete
2784,fine_concrete
2785,tiled
2786,soft_pvc
2787,soft_pvc
2788,hard_tiles_large_space
2789,soft_pvc
2790,hard_tiles_large_space
2791,wood
2792,soft_tiles
2793,concrete
2794,soft_tiles
2795,soft_tiles
2796,concrete
2797,soft_pvc
2798,fine_concrete
2799,hard_tiles_large_space
2800,soft_tiles
2801,concrete
2802,carpet
2803,concrete
2804,concrete
2805,concrete
2806,concrete
2807,concrete
2808,tiled
2809,soft_tiles
2810,carpet
2811,concrete
2812,tiled
2813,soft_tiles
2814,soft_pvc
2815,soft_pvc
2816,carpet
2817,fine_concrete
2818,concrete
2819,fine_concrete
2820,wood
2821,concrete
2822,soft_pvc
2823,soft_pvc
2824,concrete
2825,carpet
2826,soft_pvc
2827,hard_tiles_large_space
2828,soft_tiles
2829,tiled
2830,concrete
2831,tiled
2832,soft_pvc
2833,concrete
2834,tiled
2835,soft_pvc
2836,soft_tiles
2837,soft_pvc
2838,soft_tiles
2839,soft_pvc
2840,wood
2841,soft_pvc
2842,concrete
2843,fine_concrete
2844,concrete
2845,soft_pvc
2846,fine_concrete
2847,concrete
2848,concrete
2849,hard_tiles_large_space
2850,wood
2851,soft_tiles
2852,soft_pvc
2853,wood
2854,wood
2855,soft_pvc
2856,tiled
2857,hard_tiles_large_space
2858,concrete
2859,wood
2860,soft_pvc
2861,wood
2862,hard_tiles_large_space
2863,concrete
2864,soft_tiles
2865,concrete
2866,soft_tiles
2867,tiled
2868,soft_pvc
2869,carpet
2870,wood
2871,concrete
2872,concrete
2873,concrete
2874,fine_concrete
2875,tiled
2876,soft_pvc
2877,carpet
2878,concrete
2879,soft_tiles
2880,hard_tiles_large_space
2881,fine_concrete
2882,concrete
2883,wood
2884,concrete
2885,wood
2886,fine_concrete
2887,soft_tiles
2888,tiled
2889,soft_pvc
2890,soft_tiles
2891,soft_pvc
2892,wood
2893,hard_tiles_large_space
2894,wood
2895,wood
2896,soft_tiles
2897,soft_tiles
2898,hard_tiles_large_space
2899,concrete
2900,wood
2901,soft_tiles
2902,concrete
2903,concrete
2904,wood
2905,soft_pvc
2906,tiled
2907,tiled
2908,soft_pvc
2909,soft_tiles
2910,carpet
2911,tiled
2912,tiled
2913,wood
2914,tiled
2915,concrete
2916,concrete
2917,concrete
2918,soft_pvc
2919,wood
2920,soft_pvc
2921,soft_tiles
2922,concrete
2923,concrete
2924,concrete
2925,concrete
2926,wood
2927,soft_tiles
2928,soft_pvc
2929,soft_pvc
2930,concrete
2931,soft_pvc
2932,tiled
2933,fine_concrete
2934,wood
2935,hard_tiles_large_space
2936,fine_concrete
2937,hard_tiles_large_space
2938,soft_tiles
2939,concrete
2940,tiled
2941,hard_tiles_large_space
2942,hard_tiles_large_space
2943,concrete
2944,wood
2945,concrete
2946,soft_pvc
2947,hard_tiles_large_space
2948,fine_concrete
2949,concrete
2950,soft_pvc
2951,concrete
2952,tiled
2953,hard_tiles_large_space
2954,hard_tiles_large_space
2955,soft_tiles
2956,concrete
2957,concrete
2958,hard_tiles_large_space
2959,concrete
2960,tiled
2961,carpet
2962,concrete
2963,fine_concrete
2964,wood
2965,soft_tiles
2966,concrete
2967,wood
2968,tiled
2969,concrete
2970,soft_tiles
2971,concrete
2972,soft_tiles
2973,tiled
2974,carpet
2975,wood
2976,soft_pvc
2977,soft_pvc
2978,concrete
2979,soft_tiles
2980,fine_concrete
2981,hard_tiles_large_space
2982,wood
2983,tiled
2984,soft_pvc
2985,soft_pvc
2986,concrete
2987,wood
2988,concrete
2989,soft_pvc
2990,soft_pvc
2991,concrete
2992,fine_concrete
2993,wood
2994,wood
2995,soft_tiles
2996,tiled
2997,concrete
2998,concrete
2999,soft_pvc
3000,wood
3001,soft_pvc
3002,hard_tiles_large_space
3003,tiled
3004,carpet
3005,fine_concrete
3006,hard_tiles_large_space
3007,soft_tiles
3008,soft_tiles
3009,soft_pvc
3010,wood
3011,hard_tiles
3012,carpet
3013,wood
3014,concrete
3015,concrete
3016,soft_tiles
3017,tiled
3018,fine_concrete
3019,wood
3020,wood
3021,concrete
3022,tiled
3023,soft_tiles
3024,soft_pvc
3025,concrete
3026,carpet
3027,fine_concrete
3028,soft_tiles
3029,soft_pvc
3030,soft_tiles
3031,concrete
3032,tiled
3033,hard_tiles_large_space
3034,hard_tiles_large_space
3035,wood
3036,carpet
3037,fine_concrete
3038,wood
3039,wood
3040,soft_pvc
3041,wood
3042,tiled
3043,concrete
3044,concrete
3045,concrete
3046,wood
3047,hard_tiles_large_space
3048,soft_pvc
3049,soft_pvc
3050,wood
3051,wood
3052,concrete
3053,concrete
3054,hard_tiles_large_space
3055,tiled
3056,wood
3057,soft_tiles
3058,concrete
3059,soft_pvc
3060,hard_tiles_large_space
3061,carpet
3062,wood
3063,tiled
3064,soft_pvc
3065,tiled
3066,concrete
3067,concrete
3068,concrete
3069,fine_concrete
3070,concrete
3071,concrete
3072,fine_concrete
3073,wood
3074,soft_pvc
3075,concrete
3076,soft_tiles
3077,tiled
3078,concrete
3079,soft_pvc
3080,soft_tiles
3081,concrete
3082,concrete
3083,fine_concrete
3084,soft_tiles
3085,soft_pvc
3086,wood
3087,carpet
3088,soft_pvc
3089,hard_tiles_large_space
3090,soft_pvc
3091,carpet
3092,wood
3093,wood
3094,fine_concrete
3095,wood
3096,hard_tiles_large_space
3097,hard_tiles_large_space
3098,soft_pvc
3099,soft_pvc
3100,wood
3101,tiled
3102,soft_tiles
3103,soft_tiles
3104,wood
3105,carpet
3106,fine_concrete
3107,fine_concrete
3108,fine_concrete
3109,soft_tiles
3110,soft_pvc
3111,fine_concrete
3112,soft_tiles
3113,soft_tiles
3114,wood
3115,concrete
3116,tiled
3117,wood
3118,concrete
3119,hard_tiles_large_space
3120,concrete
3121,wood
3122,tiled
3123,wood
3124,hard_tiles_large_space
3125,soft_pvc
3126,wood
3127,soft_tiles
3128,fine_concrete
3129,soft_tiles
3130,wood
3131,concrete
3132,soft_tiles
3133,soft_pvc
3134,tiled
3135,hard_tiles_large_space
3136,carpet
3137,concrete
3138,carpet
3139,soft_pvc
3140,soft_pvc
3141,soft_pvc
3142,fine_concrete
3143,fine_concrete
3144,wood
3145,soft_pvc
3146,soft_pvc
3147,concrete
3148,fine_concrete
3149,fine_concrete
3150,fine_concrete
3151,soft_pvc
3152,concrete
3153,soft_pvc
3154,soft_tiles
3155,wood
3156,hard_tiles_large_space
3157,concrete
3158,concrete
3159,soft_pvc
3160,concrete
3161,fine_concrete
3162,concrete
3163,fine_concrete
3164,wood
3165,concrete
3166,soft_tiles
3167,soft_pvc
3168,tiled
3169,soft_pvc
3170,wood
3171,concrete
3172,wood
3173,hard_tiles_large_space
3174,soft_pvc
3175,wood
3176,wood
3177,hard_tiles_large_space
3178,concrete
3179,tiled
3180,soft_pvc
3181,concrete
3182,soft_pvc
3183,concrete
3184,concrete
3185,fine_concrete
3186,soft_tiles
3187,tiled
3188,soft_tiles
3189,concrete
3190,carpet
3191,concrete
3192,wood
3193,fine_concrete
3194,wood
3195,concrete
3196,soft_pvc
3197,soft_pvc
3198,concrete
3199,concrete
3200,fine_concrete
3201,concrete
3202,concrete
3203,carpet
3204,concrete
3205,hard_tiles_large_space
3206,fine_concrete
3207,carpet
3208,wood
3209,concrete
3210,soft_pvc
3211,fine_concrete
3212,tiled
3213,concrete
3214,hard_tiles_large_space
3215,soft_pvc
3216,fine_concrete
3217,soft_pvc
3218,soft_pvc
3219,tiled
3220,fine_concrete
3221,carpet
3222,soft_tiles
3223,concrete
3224,tiled
3225,soft_tiles
3226,concrete
3227,soft_tiles
3228,soft_pvc
3229,soft_pvc
3230,hard_tiles_large_space
3231,soft_tiles
3232,wood
3233,hard_tiles_large_space
3234,concrete
3235,soft_tiles
3236,soft_pvc
3237,hard_tiles_large_space
3238,wood
3239,hard_tiles_large_space
3240,soft_pvc
3241,concrete
3242,soft_pvc
3243,hard_tiles_large_space
3244,concrete
3245,concrete
3246,fine_concrete
3247,concrete
3248,wood
3249,concrete
3250,soft_tiles
3251,soft_pvc
3252,tiled
3253,concrete
3254,soft_pvc
3255,soft_pvc
3256,wood
3257,wood
3258,carpet
3259,wood
3260,wood
3261,concrete
3262,concrete
3263,tiled
3264,wood
3265,wood
3266,tiled
3267,concrete
3268,wood
3269,soft_tiles
3270,tiled
3271,fine_concrete
3272,tiled
3273,fine_concrete
3274,concrete
3275,soft_pvc
3276,concrete
3277,concrete
3278,wood
3279,concrete
3280,concrete
3281,fine_concrete
3282,soft_tiles
3283,concrete
3284,hard_tiles_large_space
3285,wood
3286,fine_concrete
3287,fine_concrete
3288,hard_tiles_large_space
3289,soft_tiles
3290,concrete
3291,soft_tiles
3292,concrete
3293,wood
3294,concrete
3295,concrete
3296,hard_tiles_large_space
3297,tiled
3298,concrete
3299,wood
3300,wood
3301,soft_pvc
3302,soft_pvc
3303,concrete
3304,tiled
3305,fine_concrete
3306,concrete
3307,concrete
3308,wood
3309,tiled
3310,soft_pvc
3311,fine_concrete
3312,tiled
3313,wood
3314,soft_pvc
3315,soft_pvc
3316,concrete
3317,soft_pvc
3318,wood
3319,concrete
3320,fine_concrete
3321,soft_tiles
3322,wood
3323,concrete
3324,soft_pvc
3325,tiled
3326,wood
3327,soft_pvc
3328,soft_tiles
3329,carpet
3330,fine_concrete
3331,concrete
3332,concrete
3333,soft_pvc
3334,hard_tiles_large_space
3335,concrete
3336,concrete
3337,soft_pvc
3338,soft_pvc
3339,soft_pvc
3340,soft_pvc
3341,soft_pvc
3342,hard_tiles_large_space
3343,soft_pvc
3344,wood
3345,wood
3346,wood
3347,fine_concrete
3348,concrete
3349,soft_pvc
3350,tiled
3351,wood
3352,tiled
3353,soft_pvc
3354,soft_pvc
3355,soft_pvc
3356,hard_tiles_large_space
3357,soft_tiles
3358,hard_tiles_large_space
3359,concrete
3360,concrete
3361,wood
3362,concrete
3363,soft_tiles
3364,soft_pvc
3365,tiled
3366,hard_tiles_large_space
3367,wood
3368,soft_tiles
3369,wood
3370,fine_concrete
3371,fine_concrete
3372,soft_tiles
3373,tiled
3374,wood
3375,concrete
3376,soft_pvc
3377,tiled
3378,concrete
3379,fine_concrete
3380,soft_pvc
3381,concrete
3382,tiled
3383,soft_pvc
3384,wood
3385,concrete
3386,concrete
3387,soft_tiles
3388,soft_pvc
3389,concrete
3390,tiled
3391,soft_pvc
3392,soft_tiles
3393,soft_tiles
3394,tiled
3395,tiled
3396,soft_pvc
3397,wood
3398,concrete
3399,wood
3400,soft_tiles
3401,wood
3402,wood
3403,wood
3404,hard_tiles_large_space
3405,fine_concrete
3406,soft_pvc
3407,hard_tiles
3408,tiled
3409,fine_concrete
3410,tiled
3411,soft_pvc
3412,concrete
3413,soft_pvc
3414,fine_concrete
3415,concrete
3416,soft_tiles
3417,concrete
3418,fine_concrete
3419,concrete
3420,wood
3421,tiled
3422,wood
3423,wood
3424,wood
3425,concrete
3426,concrete
3427,fine_concrete
3428,soft_pvc
3429,concrete
3430,concrete
3431,concrete
3432,concrete
3433,tiled
3434,hard_tiles_large_space
3435,soft_tiles
3436,wood
3437,carpet
3438,wood
3439,soft_tiles
3440,wood
3441,wood
3442,concrete
3443,soft_pvc
3444,tiled
3445,soft_pvc
3446,soft_tiles
3447,hard_tiles_large_space
3448,fine_concrete
3449,soft_tiles
3450,soft_pvc
3451,concrete
3452,soft_pvc
3453,wood
3454,soft_tiles
3455,carpet
3456,fine_concrete
3457,soft_pvc
3458,wood
3459,wood
3460,tiled
3461,concrete
3462,soft_pvc
3463,hard_tiles_large_space
3464,concrete
3465,tiled
3466,tiled
3467,soft_pvc
3468,soft_pvc
3469,concrete
3470,wood
3471,fine_concrete
3472,concrete
3473,tiled
3474,concrete
3475,hard_tiles_large_space
3476,wood
3477,soft_pvc
3478,soft_pvc
3479,soft_pvc
3480,soft_tiles
3481,concrete
3482,concrete
3483,soft_pvc
3484,wood
3485,hard_tiles_large_space
3486,concrete
3487,fine_concrete
3488,tiled
3489,wood
3490,fine_concrete
3491,wood
3492,tiled
3493,tiled
3494,wood
3495,tiled
3496,soft_pvc
3497,soft_pvc
3498,concrete
3499,soft_tiles
3500,hard_tiles_large_space
3501,wood
3502,soft_pvc
3503,hard_tiles_large_space
3504,wood
3505,fine_concrete
3506,soft_pvc
3507,tiled
3508,tiled
3509,fine_concrete
3510,concrete
3511,concrete
3512,hard_tiles_large_space
3513,concrete
3514,hard_tiles_large_space
3515,soft_pvc
3516,wood
3517,concrete
3518,wood
3519,soft_pvc
3520,soft_pvc
3521,fine_concrete
3522,tiled
3523,wood
3524,hard_tiles_large_space
3525,fine_concrete
3526,soft_pvc
3527,tiled
3528,fine_concrete
3529,wood
3530,wood
3531,soft_tiles
3532,wood
3533,soft_pvc
3534,fine_concrete
3535,soft_tiles
3536,fine_concrete
3537,wood
3538,concrete
3539,concrete
3540,fine_concrete
3541,concrete
3542,carpet
3543,fine_concrete
3544,tiled
3545,wood
3546,fine_concrete
3547,carpet
3548,concrete
3549,soft_tiles
3550,tiled
3551,fine_concrete
3552,soft_tiles
3553,wood
3554,soft_tiles
3555,concrete
3556,hard_tiles_large_space
3557,concrete
3558,soft_tiles
3559,soft_pvc
3560,hard_tiles_large_space
3561,concrete
3562,soft_pvc
3563,carpet
3564,soft_pvc
3565,soft_tiles
3566,soft_pvc
3567,soft_tiles
3568,soft_pvc
3569,tiled
3570,fine_concrete
3571,soft_tiles
3572,soft_tiles
3573,concrete
3574,concrete
3575,concrete
3576,concrete
3577,concrete
3578,soft_tiles
3579,tiled
3580,wood
3581,concrete
3582,soft_pvc
3583,soft_tiles
3584,soft_pvc
3585,hard_tiles_large_space
3586,fine_concrete
3587,fine_concrete
3588,soft_tiles
3589,fine_concrete
3590,wood
3591,concrete
3592,fine_concrete
3593,soft_pvc
3594,concrete
3595,concrete
3596,fine_concrete
3597,wood
3598,wood
3599,hard_tiles_large_space
3600,tiled
3601,tiled
3602,soft_pvc
3603,soft_tiles
3604,tiled
3605,concrete
3606,concrete
3607,concrete
3608,soft_pvc
3609,concrete
3610,carpet
3611,concrete
3612,concrete
3613,tiled
3614,concrete
3615,tiled
3616,soft_pvc
3617,soft_pvc
3618,wood
3619,tiled
3620,hard_tiles_large_space
3621,hard_tiles_large_space
3622,soft_pvc
3623,concrete
3624,concrete
3625,concrete
3626,soft_tiles
3627,soft_pvc
3628,fine_concrete
3629,fine_concrete
3630,soft_pvc
3631,soft_pvc
3632,fine_concrete
3633,concrete
3634,hard_tiles
3635,soft_tiles
3636,hard_tiles_large_space
3637,soft_pvc
3638,wood
3639,fine_concrete
3640,concrete
3641,concrete
3642,wood
3643,concrete
3644,fine_concrete
3645,soft_pvc
3646,concrete
3647,soft_pvc
3648,concrete
3649,soft_pvc
3650,soft_tiles
3651,wood
3652,soft_tiles
3653,wood
3654,concrete
3655,concrete
3656,concrete
3657,soft_pvc
3658,tiled
3659,concrete
3660,concrete
3661,tiled
3662,soft_pvc
3663,fine_concrete
3664,concrete
3665,carpet
3666,hard_tiles_large_space
3667,wood
3668,hard_tiles_large_space
3669,concrete
3670,fine_concrete
3671,concrete
3672,soft_tiles
3673,concrete
3674,fine_concrete
3675,tiled
3676,concrete
3677,concrete
3678,concrete
3679,fine_concrete
3680,concrete
3681,fine_concrete
3682,concrete
3683,soft_pvc
3684,wood
3685,hard_tiles_large_space
3686,hard_tiles_large_space
3687,concrete
3688,concrete
3689,carpet
3690,tiled
3691,concrete
3692,tiled
3693,wood
3694,soft_pvc
3695,soft_pvc
3696,wood
3697,concrete
3698,wood
3699,soft_tiles
3700,carpet
3701,concrete
3702,soft_tiles
3703,tiled
3704,soft_tiles
3705,fine_concrete
3706,wood
3707,soft_tiles
3708,tiled
3709,hard_tiles_large_space
3710,concrete
3711,soft_pvc
3712,soft_pvc
3713,concrete
3714,concrete
3715,soft_pvc
3716,concrete
3717,concrete
3718,concrete
3719,concrete
3720,tiled
3721,soft_tiles
3722,carpet
3723,concrete
3724,concrete
3725,fine_concrete
3726,tiled
3727,hard_tiles_large_space
3728,wood
3729,soft_tiles
3730,soft_pvc
3731,fine_concrete
3732,tiled
3733,soft_tiles
3734,concrete
3735,soft_pvc
3736,soft_tiles
3737,wood
3738,soft_pvc
3739,soft_tiles
3740,soft_pvc
3741,concrete
3742,tiled
3743,soft_pvc
3744,tiled
3745,fine_concrete
3746,tiled
3747,concrete
3748,concrete
3749,fine_concrete
3750,soft_pvc
3751,concrete
3752,fine_concrete
3753,soft_pvc
3754,soft_pvc
3755,soft_pvc
3756,wood
3757,soft_pvc
3758,wood
3759,hard_tiles_large_space
3760,concrete
3761,wood
3762,concrete
3763,fine_concrete
3764,concrete
3765,fine_concrete
3766,concrete
3767,concrete
3768,soft_tiles
3769,soft_pvc
3770,fine_concrete
3771,soft_tiles
3772,concrete
3773,concrete
3774,soft_tiles
3775,tiled
3776,concrete
3777,concrete
3778,concrete
3779,soft_pvc
3780,soft_pvc
3781,soft_pvc
3782,fine_concrete
3783,soft_pvc
3784,soft_tiles
3785,hard_tiles_large_space
3786,wood
3787,concrete
3788,hard_tiles_large_space
3789,concrete
3790,concrete
3791,hard_tiles_large_space
3792,soft_pvc
3793,wood
3794,concrete
3795,fine_concrete
3796,concrete
3797,carpet
3798,wood
3799,concrete
3800,soft_tiles
3801,wood
3802,hard_tiles_large_space
3803,concrete
3804,concrete
3805,wood
3806,concrete
3807,soft_tiles
3808,tiled
3809,concrete
3810,concrete
3811,soft_pvc
3812,soft_tiles
3813,soft_pvc
3814,wood
3815,soft_pvc
